<?xml version="1.0" encoding="UTF-8"?>
<metadata xml:lang="en"><Esri><CreaDate>20210210</CreaDate><CreaTime>17334000</CreaTime><ArcGISFormat>1.0</ArcGISFormat><SyncOnce>TRUE</SyncOnce><DataProperties><lineage><Process ToolSource="c:\program files\arcgis\desktop10.1\ArcToolbox\Toolboxes\Data Management Tools.tbx\DefineProjection" Date="20201103" Time="033753">DefineProjection RailwaySliding PROJCS['WGS_1984_UTM_Zone_43N',GEOGCS['GCS_WGS_1984',DATUM['D_WGS_1984',SPHEROID['WGS_1984',6378137.0,298.257223563]],PRIMEM['Greenwich',0.0],UNIT['Degree',0.0174532925199433]],PROJECTION['Transverse_Mercator'],PARAMETER['False_Easting',500000.0],PARAMETER['False_Northing',0.0],PARAMETER['Central_Meridian',75.0],PARAMETER['Scale_Factor',0.9996],PARAMETER['Latitude_Of_Origin',0.0],UNIT['Meter',1.0]]</Process><Process ToolSource="c:\program files\arcgis\desktop10.1\ArcToolbox\Toolboxes\Data Management Tools.tbx\Project" Date="20201103" Time="034716">Project RailwaySliding D:\Project_2020\Shapefile\KAR\SedamLMS\GEO\RailwaySliding.shp GEOGCS['GCS_WGS_1984',DATUM['D_WGS_1984',SPHEROID['WGS_1984',6378137.0,298.257223563]],PRIMEM['Greenwich',0.0],UNIT['Degree',0.0174532925199433],METADATA['World',-180.0,-90.0,180.0,90.0,0.0,0.0174532925199433,0.0,1262]] # PROJCS['WGS_1984_UTM_Zone_43N',GEOGCS['GCS_WGS_1984',DATUM['D_WGS_1984',SPHEROID['WGS_1984',6378137.0,298.257223563]],PRIMEM['Greenwich',0.0],UNIT['Degree',0.0174532925199433]],PROJECTION['Transverse_Mercator'],PARAMETER['False_Easting',500000.0],PARAMETER['False_Northing',0.0],PARAMETER['Central_Meridian',75.0],PARAMETER['Scale_Factor',0.9996],PARAMETER['Latitude_Of_Origin',0.0],UNIT['Meter',1.0]]</Process><Process ToolSource="c:\program files (x86)\arcgis\desktop10.1\ArcToolbox\Toolboxes\Data Management Tools.tbx\DeleteField" Date="20210210" Time="164741">DeleteField RailwaySliding FID_;Entity;Color;Linetype;Elevation;LineWt;RefName</Process></lineage><itemProps><itemLocation><linkage Sync="TRUE">file://\\S_KRISHNAMOOR\E$\LMS_Latest2020\DATA2CYBERSWIFT\DATA2CYBERSWIFT\SedamGEO\SedamColonyCopy</linkage><protocol Sync="TRUE">Local Area Network</protocol></itemLocation></itemProps><copyHistory><copy source="E:\LMS_Latest2020\DATA2CYBERSWIFT\DATA2CYBERSWIFT\SedamGEO\SedamColony" dest="\\S_KRISHNAMOOR\E$\LMS_Latest2020\DATA2CYBERSWIFT\DATA2CYBERSWIFT\SedamGEO\SedamColonyCopy" date="20210210" time="17334000"></copy></copyHistory></DataProperties></Esri></metadata>
