<?xml version="1.0" encoding="UTF-8"?>
<metadata xml:lang="en"><Esri><CreaDate>20210204</CreaDate><CreaTime>00323700</CreaTime><ArcGISFormat>1.0</ArcGISFormat><SyncOnce>TRUE</SyncOnce><DataProperties><lineage><Process ToolSource="c:\program files\arcgis\desktop10.3\ArcToolbox\Toolboxes\Data Management Tools.tbx\CalculateField" Date="20200316" Time="174514">CalculateField JANARDHANPUR_CADASTRAL VILL_NAME "JAMUNA" VB #</Process><Process ToolSource="c:\program files\arcgis\desktop10.3\ArcToolbox\Toolboxes\Data Management Tools.tbx\CalculateField" Date="20200316" Time="174554">CalculateField JANARDHANPUR_CADASTRAL VILL_NAME "PATARHAI" VB #</Process><Process ToolSource="c:\program files\arcgis\desktop10.3\ArcToolbox\Toolboxes\Data Management Tools.tbx\CalculateField" Date="20200316" Time="174633">CalculateField JANARDHANPUR_CADASTRAL VILL_NAME "JANARDANPUR" VB #</Process><Process ToolSource="c:\program files\arcgis\desktop10.3\ArcToolbox\Toolboxes\Data Management Tools.tbx\CalculateField" Date="20200316" Time="174705">CalculateField JANARDHANPUR_CADASTRAL VILL_NAME "KARMAU" VB #</Process><Process ToolSource="c:\program files\arcgis\desktop10.3\ArcToolbox\Toolboxes\Data Management Tools.tbx\CalculateField" Date="20200316" Time="174731">CalculateField JANARDHANPUR_CADASTRAL VILL_NAME "BAGAHAI" VB #</Process><Process ToolSource="c:\program files\arcgis\desktop10.3\ArcToolbox\Toolboxes\Data Management Tools.tbx\CalculateField" Date="20200316" Time="174806">CalculateField JANARDHANPUR_CADASTRAL VILL_NAME "BAIRIHA" VB #</Process><Process ToolSource="c:\program files\arcgis\desktop10.1\ArcToolbox\Toolboxes\Data Management Tools.tbx\CalculateField" Date="20210203" Time="005942">CalculateField Janardhanpur surveyno [Text] VB #</Process><Process ToolSource="c:\program files\arcgis\desktop10.1\ArcToolbox\Toolboxes\Data Management Tools.tbx\Project" Date="20210204" Time="003244">Project Jan1 D:\LMS_DataBackup\Final_LMS_Shapefile\SHP_MP\Jan_Geo.shp GEOGCS['GCS_WGS_1984',DATUM['D_WGS_1984',SPHEROID['WGS_1984',6378137.0,298.257223563]],PRIMEM['Greenwich',0.0],UNIT['Degree',0.0174532925199433]] # PROJCS['WGS_1984_UTM_Zone_44N',GEOGCS['GCS_WGS_1984',DATUM['D_WGS_1984',SPHEROID['WGS_1984',6378137.0,298.257223563]],PRIMEM['Greenwich',0.0],UNIT['Degree',0.0174532925199433]],PROJECTION['Transverse_Mercator'],PARAMETER['False_Easting',500000.0],PARAMETER['False_Northing',0.0],PARAMETER['Central_Meridian',81.0],PARAMETER['Scale_Factor',0.9996],PARAMETER['Latitude_Of_Origin',0.0],UNIT['Meter',1.0]]</Process></lineage><itemProps><itemLocation><linkage Sync="TRUE">file://\\ADMIN-PC\D$\LMS_DataBackup\Final_LMS_Shapefile\SHP_MP\JanardhanpurCopy</linkage><protocol Sync="TRUE">Local Area Network</protocol></itemLocation></itemProps><copyHistory><copy source="D:\LMS_DataBackup\Final_LMS_Shapefile\SHP_MP\Janardhanpur" dest="\\ADMIN-PC\D$\LMS_DataBackup\Final_LMS_Shapefile\SHP_MP\JanardhanpurCopy" date="20210204" time="00251000"></copy></copyHistory></DataProperties></Esri></metadata>
