<?xml version="1.0" encoding="UTF-8"?>
<metadata xml:lang="en"><Esri><CreaDate>20210205</CreaDate><CreaTime>19193100</CreaTime><ArcGISFormat>1.0</ArcGISFormat><SyncOnce>TRUE</SyncOnce><DataProperties><lineage><Process ToolSource="c:\program files\arcgis\desktop10.1\ArcToolbox\Toolboxes\Data Management Tools.tbx\DeleteField" Date="20210205" Time="191312">DeleteField TN_Anandavadi NAME;LAYER;CLASSIFICA;DOC_REGN_N;ELEVATION;EXTEND_UNI;EXTEND_VAL;LIN_NO;NAME_OF_VE;PURCHASED_;PURPOSE;REMARKS;SUB_DIVISI;latitude;longitude</Process><Process ToolSource="c:\program files\arcgis\desktop10.1\ArcToolbox\Toolboxes\Data Management Tools.tbx\CalculateField" Date="20210205" Time="191434">CalculateField TN_Anandavadi taluk [BLOCK_TALU] VB #</Process><Process ToolSource="c:\program files\arcgis\desktop10.1\ArcToolbox\Toolboxes\Data Management Tools.tbx\CalculateField" Date="20210205" Time="191616">CalculateField TN_Anandavadi surveyno [SURVEY_NO] VB #</Process><Process ToolSource="c:\program files\arcgis\desktop10.1\ArcToolbox\Toolboxes\Data Management Tools.tbx\CalculateField" Date="20210205" Time="191651">CalculateField TN_Anandavadi reg_id [REG_NO] VB #</Process></lineage><itemProps><itemLocation><linkage Sync="TRUE">file://\\ADMIN-PC\D$\LMS_DataBackup\Final_LMS_Shapefile\SHP\New Folder\TN_Anandavadi</linkage><protocol Sync="TRUE">Local Area Network</protocol></itemLocation></itemProps><copyHistory><copy source="D:\LMS_DataBackup\LMS_RAW_DATA\TN_Anamdavadi05022020_V3\TN_Anamdavadi05022020_V3\SHAPE\TN_Anandavadi" dest="\\ADMIN-PC\D$\LMS_DataBackup\Final_LMS_Shapefile\SHP\New Folder\TN_Anandavadi" date="20210205" time="19193100"></copy></copyHistory></DataProperties></Esri></metadata>
