<?xml version="1.0" encoding="UTF-8"?>
<metadata xml:lang="en"><Esri><CreaDate>20201115</CreaDate><CreaTime>21394400</CreaTime><ArcGISFormat>1.0</ArcGISFormat><SyncOnce>TRUE</SyncOnce><DataProperties><lineage><Process ToolSource="c:\program files\arcgis\desktop10.1\ArcToolbox\Toolboxes\Data Management Tools.tbx\Project" Date="20201115" Time="213944">Project SUB_DIVISION_KPK_V1 D:\Project_2020\LMS\DataOutsource\TN_Phase_1\TN_PART-1_SHAPE\Karuppillakattalai\Karuppillakattalai\Karuppillakattalai_Geo.shp GEOGCS['GCS_WGS_1984',DATUM['D_WGS_1984',SPHEROID['WGS_1984',6378137.0,298.257223563]],PRIMEM['Greenwich',0.0],UNIT['Degree',0.0174532925199433],METADATA['World',-180.0,-90.0,180.0,90.0,0.0,0.0174532925199433,0.0,1262]] # PROJCS['WGS_84_UTM_zone_44N',GEOGCS['GCS_WGS_1984',DATUM['D_WGS84',SPHEROID['WGS84',6378137.0,298.257223563]],PRIMEM['Greenwich',0.0],UNIT['Degree',0.0174532925199433]],PROJECTION['Transverse_Mercator'],PARAMETER['false_easting',500000.0],PARAMETER['false_northing',0.0],PARAMETER['central_meridian',81.0],PARAMETER['scale_factor',0.9996],PARAMETER['latitude_of_origin',0.0],UNIT['Meter',1.0]]</Process><Process ToolSource="c:\program files\arcgis\desktop10.1\ArcToolbox\Toolboxes\Data Management Tools.tbx\DeleteField" Date="20201115" Time="214056">DeleteField Karuppillakattalai_Geo GM_LAYER;GM_TYPE;LAYER;ELEVATION;DOCREGNNO;EXTENDUNIT;EXTENDVALU;NAME;PAREA;PAREAU;PURPOSE;P_AREA;SNO;SR_NO;SUB_DIVISI</Process><Process ToolSource="c:\program files\arcgis\desktop10.1\ArcToolbox\Toolboxes\Data Management Tools.tbx\CalculateField" Date="20201115" Time="214304">CalculateField Karuppillakattalai_Geo Reg_ID [REGNO] VB #</Process><Process ToolSource="c:\program files\arcgis\desktop10.1\ArcToolbox\Toolboxes\Data Management Tools.tbx\CalculateField" Date="20201115" Time="214313">CalculateField Karuppillakattalai_Geo TALUK [BLOCK_TALU] VB #</Process></lineage></DataProperties></Esri></metadata>
