<?xml version="1.0" encoding="UTF-8"?>
<metadata xml:lang="en"><Esri><CreaDate>20210205</CreaDate><CreaTime>10573900</CreaTime><ArcGISFormat>1.0</ArcGISFormat><SyncOnce>TRUE</SyncOnce><DataProperties><lineage><Process ToolSource="c:\program files (x86)\arcgis\desktop10.4\ArcToolbox\Toolboxes\Data Management Tools.tbx\CalculateField" Date="20201104" Time="141115">CalculateField "OCL_Lanjiberna Mine-RGP_8Village" Parcel_No 0 VB #</Process><Process ToolSource="c:\program files (x86)\arcgis\desktop10.4\ArcToolbox\Toolboxes\Data Management Tools.tbx\CalculateField" Date="20201104" Time="142945">CalculateField "OCL_Lanjiberna Mine-RGP_8Village" NAME 0 VB #</Process><Process ToolSource="c:\program files (x86)\arcgis\desktop10.4\ArcToolbox\Toolboxes\Data Management Tools.tbx\CalculateField" Date="20201104" Time="143002">CalculateField "OCL_Lanjiberna Mine-RGP_8Village" SURVEY_NO 0 VB #</Process><Process ToolSource="c:\program files\arcgis\desktop10.1\ArcToolbox\Toolboxes\Data Management Tools.tbx\DeleteField" Date="20210205" Time="104115">DeleteField OCL_LanjibernaRGP PURCHASED1;GM_LAYER;ELEVATION;BLOCK_TAL2;CLASSIFIC2;EXTEND_UN2;EXTEND_VA2;NAME_VEND2;PURCHASED2</Process><Process ToolSource="c:\program files\arcgis\desktop10.1\ArcToolbox\Toolboxes\Data Management Tools.tbx\CalculateField" Date="20210205" Time="104452">CalculateField OCL_LanjibernaRGP surveyno [NAME] VB #</Process><Process ToolSource="c:\program files\arcgis\desktop10.1\ArcToolbox\Toolboxes\Data Management Tools.tbx\CalculateField" Date="20210205" Time="104508">CalculateField OCL_LanjibernaRGP surveyno [NAME] VB #</Process><Process ToolSource="c:\program files\arcgis\desktop10.1\ArcToolbox\Toolboxes\Data Management Tools.tbx\CalculateField" Date="20210205" Time="105237">CalculateField OCL_LanjibernaRGP taluk [Block_Talu] VB #</Process><Process ToolSource="c:\program files\arcgis\desktop10.1\ArcToolbox\Toolboxes\Data Management Tools.tbx\CalculateField" Date="20210205" Time="105309">CalculateField OCL_LanjibernaRGP reg_id [Reg_No] VB #</Process><Process ToolSource="c:\program files\arcgis\desktop10.1\ArcToolbox\Toolboxes\Data Management Tools.tbx\Project" Date="20210205" Time="105740">Project OCL_LanjibernaRGP D:\LMS_DataBackup\Final_LMS_Shapefile\SHP_OCL\OCL_LanjibernaRGP_Geo.shp GEOGCS['GCS_WGS_1984',DATUM['D_WGS_1984',SPHEROID['WGS_1984',6378137.0,298.257223563]],PRIMEM['Greenwich',0.0],UNIT['Degree',0.0174532925199433],METADATA['World',-180.0,-90.0,180.0,90.0,0.0,0.0174532925199433,0.0,1262]] # PROJCS['UTM_Zone_45_Northern_Hemisphere',GEOGCS['GCS_WGS_1984',DATUM['D_WGS84',SPHEROID['WGS84',6378137.0,298.257223563]],PRIMEM['Greenwich',0.0],UNIT['Degree',0.0174532925199433]],PROJECTION['Transverse_Mercator'],PARAMETER['false_easting',500000.0],PARAMETER['false_northing',0.0],PARAMETER['central_meridian',87.0],PARAMETER['scale_factor',0.9996],PARAMETER['latitude_of_origin',0.0],UNIT['Meter',1.0]]</Process></lineage><itemProps><itemLocation><linkage Sync="TRUE">file://\\ADMIN-PC\D$\LMS_DataBackup\Final_LMS_Shapefile\SHP_OCL\OCL_Lanjiberna Mine-RGP_8Village</linkage><protocol Sync="TRUE">Local Area Network</protocol></itemLocation></itemProps><copyHistory><copy source="D:\LMS_DataBackup\LMS_RAW_DATA\DELV_TN_ORISSA\DELV_TN_ORISSA\OCL_ORISSA\SHAPE\OCL_Lanjiberna Mine-RGP_8Village" dest="\\ADMIN-PC\D$\LMS_DataBackup\Final_LMS_Shapefile\SHP_OCL\OCL_Lanjiberna Mine-RGP_8Village" date="20210205" time="10362500"></copy></copyHistory></DataProperties></Esri></metadata>
